{
  "split": "test",
  "checkpoint": "outputs/checkpoints/best.pt",
  "threshold": 0.5,
  "results": {
    "copy_input": {
      "iou": 0.6328094761782563,
      "precision": 0.9697118062783577,
      "recall": 0.6455693556453947,
      "f1": 0.7751173440538334,
      "tp": 833829.0,
      "fp": 26044.0,
      "fn": 457789.0
    },
    "dilate_1": {
      "iou": 0.5648828103546093,
      "precision": 0.6839239812786153,
      "recall": 0.7644512541633768,
      "f1": 0.721949020996005,
      "tp": 987379.0,
      "fp": 456318.0,
      "fn": 304239.0
    },
    "dilate_2": {
      "iou": 0.47397938574316184,
      "precision": 0.5219461031476713,
      "recall": 0.8375982682186154,
      "f1": 0.6431289159690323,
      "tp": 1081857.0,
      "fp": 990880.0,
      "fn": 209761.0
    },
    "model": {
      "iou": 0.7175938631622109,
      "precision": 0.7688319950872017,
      "recall": 0.9150205401287307,
      "f1": 0.8355803712286773,
      "tp": 1181857.0,
      "fp": 355354.0,
      "fn": 109761.0
    }
  }
}