{
  "split": "test",
  "checkpoint": "outputs\\checkpoints\\best.pt",
  "results": [
    {
      "name": "clean",
      "dropout": 0.0,
      "cuboids": 0,
      "iou": 0.7092545661623919,
      "precision": 0.7552785431214587,
      "recall": 0.9208814061123264,
      "f1": 0.8298992741887222,
      "tp": 1189427,
      "fp": 385392,
      "fn": 102191
    },
    {
      "name": "light",
      "dropout": 0.05,
      "cuboids": 1,
      "iou": 0.7004305180312422,
      "precision": 0.743702507272989,
      "recall": 0.9233016263322366,
      "f1": 0.8238272677444836,
      "tp": 1192553,
      "fp": 410982,
      "fn": 99065
    },
    {
      "name": "medium",
      "dropout": 0.15,
      "cuboids": 2,
      "iou": 0.6788728789469414,
      "precision": 0.7164986899730302,
      "recall": 0.9282001334759896,
      "f1": 0.8087245715055137,
      "tp": 1198880,
      "fp": 474368,
      "fn": 92738
    },
    {
      "name": "heavy",
      "dropout": 0.3,
      "cuboids": 3,
      "iou": 0.6402346537711798,
      "precision": 0.6722699273285444,
      "recall": 0.9307264222084166,
      "f1": 0.7806622647621569,
      "tp": 1202143,
      "fp": 586042,
      "fn": 89475
    }
  ]
}