{
  "split": "test",
  "checkpoint": "outputs/checkpoints/best.pt",
  "results": [
    {
      "name": "clean",
      "dropout": 0.0,
      "cuboids": 0,
      "iou": 0.7175938631622109,
      "precision": 0.7688319950872017,
      "recall": 0.9150205401287307,
      "f1": 0.8355803712286773,
      "tp": 1181857,
      "fp": 355354,
      "fn": 109761
    },
    {
      "name": "light",
      "dropout": 0.05,
      "cuboids": 1,
      "iou": 0.7091634919590645,
      "precision": 0.7570895076882362,
      "recall": 0.9180508478512925,
      "f1": 0.8298369243924733,
      "tp": 1185771,
      "fp": 380452,
      "fn": 105847
    },
    {
      "name": "medium",
      "dropout": 0.15,
      "cuboids": 2,
      "iou": 0.6904757087769984,
      "precision": 0.7315367971863218,
      "recall": 0.924819877084394,
      "f1": 0.8169010663961451,
      "tp": 1194514,
      "fp": 438369,
      "fn": 97104
    },
    {
      "name": "heavy",
      "dropout": 0.3,
      "cuboids": 3,
      "iou": 0.6493579329247547,
      "precision": 0.6829458770905449,
      "recall": 0.9295945085930908,
      "f1": 0.7874069247617362,
      "tp": 1200681,
      "fp": 557410,
      "fn": 90937
    }
  ]
}