{
  "split": "test",
  "checkpoint": "outputs\\checkpoints\\best.pt",
  "threshold": 0.5,
  "results": [
    {
      "name": "baseline",
      "iou": 0.7092545661623919,
      "precision": 0.7552785431214587,
      "recall": 0.9208814061123264,
      "f1": 0.8298992741887222,
      "tp": 1189427,
      "fp": 385392,
      "fn": 102191,
      "loss": 0.1669917658405149,
      "num_samples": 146
    },
    {
      "name": "remove_isolated",
      "iou": 0.7092545661623919,
      "precision": 0.7552785431214587,
      "recall": 0.9208814061123264,
      "f1": 0.8298992741887222,
      "tp": 1189427,
      "fp": 385392,
      "fn": 102191,
      "loss": 0.1669917658405149,
      "num_samples": 146
    },
    {
      "name": "median",
      "iou": 0.6880543277275509,
      "precision": 0.7693428741046885,
      "recall": 0.866879371455021,
      "f1": 0.8152040040662238,
      "tp": 1119677,
      "fp": 335691,
      "fn": 171941,
      "loss": 0.23840665255915627,
      "num_samples": 146
    },
    {
      "name": "median_plus_isolated",
      "iou": 0.6877986194957453,
      "precision": 0.7695528334214852,
      "recall": 0.8662073461348412,
      "f1": 0.8150245027412908,
      "tp": 1118809,
      "fp": 335034,
      "fn": 172809,
      "loss": 0.24100252781828788,
      "num_samples": 146
    }
  ]
}