{
  "split": "test",
  "checkpoint": "outputs/checkpoints/best.pt",
  "threshold": 0.5,
  "results": [
    {
      "name": "baseline",
      "iou": 0.7175938631622109,
      "precision": 0.7688319950872017,
      "recall": 0.9150205401287307,
      "f1": 0.8355803712286773,
      "tp": 1181857,
      "fp": 355354,
      "fn": 109761,
      "loss": 0.1679375313656175,
      "num_samples": 146
    },
    {
      "name": "remove_isolated",
      "iou": 0.7175938631622109,
      "precision": 0.7688319950872017,
      "recall": 0.9150205401287307,
      "f1": 0.8355803712286773,
      "tp": 1181857,
      "fp": 355354,
      "fn": 109761,
      "loss": 0.1679375313656175,
      "num_samples": 146
    },
    {
      "name": "median",
      "iou": 0.692903287187806,
      "precision": 0.7834346536825586,
      "recall": 0.8570653242676948,
      "f1": 0.8185975988210157,
      "tp": 1107001,
      "fp": 306009,
      "fn": 184617,
      "loss": 0.2459702366223074,
      "num_samples": 146
    },
    {
      "name": "median_plus_isolated",
      "iou": 0.6924828486890583,
      "precision": 0.7834989838542928,
      "recall": 0.8563452971389307,
      "f1": 0.8183041204849703,
      "tp": 1106071,
      "fp": 305636,
      "fn": 185547,
      "loss": 0.24794447932341326,
      "num_samples": 146
    }
  ]
}